-- MySQL dump 10.13  Distrib 5.5.62, for Win64 (AMD64)
--
-- Host: localhost    Database: eladmin
-- ------------------------------------------------------
-- Server version	5.7.36

/*!40101 SET @OLD_CHARACTER_SET_CLIENT=@@CHARACTER_SET_CLIENT */;
/*!40101 SET @OLD_CHARACTER_SET_RESULTS=@@CHARACTER_SET_RESULTS */;
/*!40101 SET @OLD_COLLATION_CONNECTION=@@COLLATION_CONNECTION */;
/*!40101 SET NAMES utf8 */;
/*!40103 SET @OLD_TIME_ZONE=@@TIME_ZONE */;
/*!40103 SET TIME_ZONE='+00:00' */;
/*!40014 SET @OLD_UNIQUE_CHECKS=@@UNIQUE_CHECKS, UNIQUE_CHECKS=0 */;
/*!40014 SET @OLD_FOREIGN_KEY_CHECKS=@@FOREIGN_KEY_CHECKS, FOREIGN_KEY_CHECKS=0 */;
/*!40101 SET @OLD_SQL_MODE=@@SQL_MODE, SQL_MODE='NO_AUTO_VALUE_ON_ZERO' */;
/*!40111 SET @OLD_SQL_NOTES=@@SQL_NOTES, SQL_NOTES=0 */;

--
-- Table structure for table `code_column`
--

DROP TABLE IF EXISTS `code_column`;
/*!40101 SET @saved_cs_client     = @@character_set_client */;
/*!40101 SET character_set_client = utf8 */;
CREATE TABLE `code_column` (
  `column_id` bigint(20) NOT NULL AUTO_INCREMENT COMMENT 'ID',
  `table_name` varchar(180) DEFAULT NULL COMMENT '表名',
  `column_name` varchar(255) DEFAULT NULL COMMENT '数据库字段名称',
  `column_type` varchar(255) DEFAULT NULL COMMENT '数据库字段类型',
  `dict_name` varchar(255) DEFAULT NULL COMMENT '字典名称',
  `extra` varchar(255) DEFAULT NULL COMMENT '字段额外的参数',
  `form_show` bit(1) DEFAULT NULL COMMENT '是否表单显示',
  `form_type` varchar(255) DEFAULT NULL COMMENT '表单类型',
  `key_type` varchar(255) DEFAULT NULL COMMENT '数据库字段键类型',
  `list_show` bit(1) DEFAULT NULL COMMENT '是否在列表显示',
  `not_null` bit(1) DEFAULT NULL COMMENT '是否为空',
  `query_type` varchar(255) DEFAULT NULL COMMENT '查询类型',
  `remark` varchar(255) DEFAULT NULL COMMENT '描述',
  `date_annotation` varchar(255) DEFAULT NULL COMMENT '日期注解',
  PRIMARY KEY (`column_id`) USING BTREE,
  KEY `idx_table_name` (`table_name`)
) ENGINE=InnoDB AUTO_INCREMENT=14 DEFAULT CHARSET=utf8mb4 ROW_FORMAT=COMPACT COMMENT='代码生成字段信息存储';
/*!40101 SET character_set_client = @saved_cs_client */;

--
-- Dumping data for table `code_column`
--

LOCK TABLES `code_column` WRITE;
/*!40000 ALTER TABLE `code_column` DISABLE KEYS */;
INSERT INTO `code_column` VALUES (1,'t_card','card_id','varchar',NULL,'','',NULL,'PRI','','','=','',NULL),(2,'t_card','user_id','varchar',NULL,'','',NULL,'','','','=','',NULL),(3,'t_card','real_name','varchar',NULL,'','',NULL,'','','','=','',NULL),(4,'t_card','mobile','varchar',NULL,'','',NULL,'','','\0','=','',NULL),(5,'t_card','phone_number','varchar',NULL,'','',NULL,'','','\0','=','',NULL),(6,'t_card','email','varchar',NULL,'','',NULL,'','','\0','=','',NULL),(7,'t_card','address','varchar',NULL,'','',NULL,'','','\0','Like','',NULL),(8,'t_card','postcode','varchar',NULL,'','',NULL,'','','\0','=','',NULL),(9,'t_card','organization','varchar',NULL,'','',NULL,'','','\0','Like','',NULL),(10,'t_card','department','varchar',NULL,'','',NULL,'','','\0','Like','',NULL),(11,'t_card','position','varchar',NULL,'','',NULL,'','','\0','Like','',NULL),(12,'t_card','valid','varchar',NULL,'','\0',NULL,'','','\0','=','',NULL),(13,'t_card','background','varchar',NULL,'','\0',NULL,'','','\0','=','',NULL);
/*!40000 ALTER TABLE `code_column` ENABLE KEYS */;
UNLOCK TABLES;

--
-- Table structure for table `code_config`
--

DROP TABLE IF EXISTS `code_config`;
/*!40101 SET @saved_cs_client     = @@character_set_client */;
/*!40101 SET character_set_client = utf8 */;
CREATE TABLE `code_config` (
  `config_id` bigint(20) NOT NULL AUTO_INCREMENT COMMENT 'ID',
  `table_name` varchar(255) DEFAULT NULL COMMENT '表名',
  `author` varchar(255) DEFAULT NULL COMMENT '作者',
  `cover` bit(1) DEFAULT NULL COMMENT '是否覆盖',
  `module_name` varchar(255) DEFAULT NULL COMMENT '模块名称',
  `pack` varchar(255) DEFAULT NULL COMMENT '至于哪个包下',
  `path` varchar(255) DEFAULT NULL COMMENT '前端代码生成的路径',
  `api_path` varchar(255) DEFAULT NULL COMMENT '前端Api文件路径',
  `prefix` varchar(255) DEFAULT NULL COMMENT '表前缀',
  `api_alias` varchar(255) DEFAULT NULL COMMENT '接口名称',
  PRIMARY KEY (`config_id`) USING BTREE,
  KEY `idx_table_name` (`table_name`(100))
) ENGINE=InnoDB AUTO_INCREMENT=2 DEFAULT CHARSET=utf8mb4 ROW_FORMAT=COMPACT COMMENT='代码生成器配置';
/*!40101 SET character_set_client = @saved_cs_client */;

--
-- Dumping data for table `code_config`
--

LOCK TABLES `code_config` WRITE;
/*!40000 ALTER TABLE `code_config` DISABLE KEYS */;
INSERT INTO `code_config` VALUES (1,'t_card','caiyi','','eladmin-smart-card','me.caiyi','card','card\\',NULL,'SmartCard');
/*!40000 ALTER TABLE `code_config` ENABLE KEYS */;
UNLOCK TABLES;

--
-- Table structure for table `mnt_app`
--

DROP TABLE IF EXISTS `mnt_app`;
/*!40101 SET @saved_cs_client     = @@character_set_client */;
/*!40101 SET character_set_client = utf8 */;
CREATE TABLE `mnt_app` (
  `app_id` bigint(20) NOT NULL AUTO_INCREMENT COMMENT 'ID',
  `name` varchar(255) DEFAULT NULL COMMENT '应用名称',
  `upload_path` varchar(255) DEFAULT NULL COMMENT '上传目录',
  `deploy_path` varchar(255) DEFAULT NULL COMMENT '部署路径',
  `backup_path` varchar(255) DEFAULT NULL COMMENT '备份路径',
  `port` int(255) DEFAULT NULL COMMENT '应用端口',
  `start_script` varchar(4000) DEFAULT NULL COMMENT '启动脚本',
  `deploy_script` varchar(4000) DEFAULT NULL COMMENT '部署脚本',
  `create_by` varchar(255) DEFAULT NULL COMMENT '创建者',
  `update_by` varchar(255) DEFAULT NULL COMMENT '更新者',
  `create_time` datetime DEFAULT NULL COMMENT '创建日期',
  `update_time` datetime DEFAULT NULL COMMENT '更新时间',
  PRIMARY KEY (`app_id`) USING BTREE
) ENGINE=InnoDB DEFAULT CHARSET=utf8mb4 ROW_FORMAT=COMPACT COMMENT='应用管理';
/*!40101 SET character_set_client = @saved_cs_client */;

--
-- Dumping data for table `mnt_app`
--

LOCK TABLES `mnt_app` WRITE;
/*!40000 ALTER TABLE `mnt_app` DISABLE KEYS */;
/*!40000 ALTER TABLE `mnt_app` ENABLE KEYS */;
UNLOCK TABLES;

--
-- Table structure for table `mnt_database`
--

DROP TABLE IF EXISTS `mnt_database`;
/*!40101 SET @saved_cs_client     = @@character_set_client */;
/*!40101 SET character_set_client = utf8 */;
CREATE TABLE `mnt_database` (
  `db_id` varchar(50) NOT NULL COMMENT 'ID',
  `name` varchar(255) NOT NULL COMMENT '名称',
  `jdbc_url` varchar(255) NOT NULL COMMENT 'jdbc连接',
  `user_name` varchar(255) NOT NULL COMMENT '账号',
  `pwd` varchar(255) NOT NULL COMMENT '密码',
  `create_by` varchar(255) DEFAULT NULL COMMENT '创建者',
  `update_by` varchar(255) DEFAULT NULL COMMENT '更新者',
  `create_time` datetime DEFAULT NULL COMMENT '创建时间',
  `update_time` datetime DEFAULT NULL COMMENT '更新时间',
  PRIMARY KEY (`db_id`) USING BTREE
) ENGINE=InnoDB DEFAULT CHARSET=utf8mb4 ROW_FORMAT=COMPACT COMMENT='数据库管理';
/*!40101 SET character_set_client = @saved_cs_client */;

--
-- Dumping data for table `mnt_database`
--

LOCK TABLES `mnt_database` WRITE;
/*!40000 ALTER TABLE `mnt_database` DISABLE KEYS */;
/*!40000 ALTER TABLE `mnt_database` ENABLE KEYS */;
UNLOCK TABLES;

--
-- Table structure for table `mnt_deploy`
--

DROP TABLE IF EXISTS `mnt_deploy`;
/*!40101 SET @saved_cs_client     = @@character_set_client */;
/*!40101 SET character_set_client = utf8 */;
CREATE TABLE `mnt_deploy` (
  `deploy_id` bigint(20) NOT NULL AUTO_INCREMENT COMMENT 'ID',
  `app_id` bigint(20) DEFAULT NULL COMMENT '应用编号',
  `create_by` varchar(255) DEFAULT NULL COMMENT '创建者',
  `update_by` varchar(255) DEFAULT NULL COMMENT '更新者',
  `create_time` datetime DEFAULT NULL,
  `update_time` datetime DEFAULT NULL COMMENT '更新时间',
  PRIMARY KEY (`deploy_id`) USING BTREE,
  KEY `idx_app_id` (`app_id`) USING BTREE
) ENGINE=InnoDB DEFAULT CHARSET=utf8mb4 ROW_FORMAT=COMPACT COMMENT='部署管理';
/*!40101 SET character_set_client = @saved_cs_client */;

--
-- Dumping data for table `mnt_deploy`
--

LOCK TABLES `mnt_deploy` WRITE;
/*!40000 ALTER TABLE `mnt_deploy` DISABLE KEYS */;
/*!40000 ALTER TABLE `mnt_deploy` ENABLE KEYS */;
UNLOCK TABLES;

--
-- Table structure for table `mnt_deploy_history`
--

DROP TABLE IF EXISTS `mnt_deploy_history`;
/*!40101 SET @saved_cs_client     = @@character_set_client */;
/*!40101 SET character_set_client = utf8 */;
CREATE TABLE `mnt_deploy_history` (
  `history_id` varchar(50) NOT NULL COMMENT 'ID',
  `app_name` varchar(255) NOT NULL COMMENT '应用名称',
  `deploy_date` datetime NOT NULL COMMENT '部署日期',
  `deploy_user` varchar(50) NOT NULL COMMENT '部署用户',
  `ip` varchar(20) NOT NULL COMMENT '服务器IP',
  `deploy_id` bigint(20) DEFAULT NULL COMMENT '部署编号',
  PRIMARY KEY (`history_id`) USING BTREE
) ENGINE=InnoDB DEFAULT CHARSET=utf8mb4 ROW_FORMAT=COMPACT COMMENT='部署历史管理';
/*!40101 SET character_set_client = @saved_cs_client */;

--
-- Dumping data for table `mnt_deploy_history`
--

LOCK TABLES `mnt_deploy_history` WRITE;
/*!40000 ALTER TABLE `mnt_deploy_history` DISABLE KEYS */;
/*!40000 ALTER TABLE `mnt_deploy_history` ENABLE KEYS */;
UNLOCK TABLES;

--
-- Table structure for table `mnt_deploy_server`
--

DROP TABLE IF EXISTS `mnt_deploy_server`;
/*!40101 SET @saved_cs_client     = @@character_set_client */;
/*!40101 SET character_set_client = utf8 */;
CREATE TABLE `mnt_deploy_server` (
  `deploy_id` bigint(20) NOT NULL COMMENT '部署ID',
  `server_id` bigint(20) NOT NULL COMMENT '服务ID',
  PRIMARY KEY (`deploy_id`,`server_id`) USING BTREE,
  KEY `idx_deploy_id` (`deploy_id`),
  KEY `idx_server_id` (`server_id`)
) ENGINE=InnoDB DEFAULT CHARSET=utf8mb4 ROW_FORMAT=COMPACT COMMENT='应用与服务器关联';
/*!40101 SET character_set_client = @saved_cs_client */;

--
-- Dumping data for table `mnt_deploy_server`
--

LOCK TABLES `mnt_deploy_server` WRITE;
/*!40000 ALTER TABLE `mnt_deploy_server` DISABLE KEYS */;
/*!40000 ALTER TABLE `mnt_deploy_server` ENABLE KEYS */;
UNLOCK TABLES;

--
-- Table structure for table `mnt_server`
--

DROP TABLE IF EXISTS `mnt_server`;
/*!40101 SET @saved_cs_client     = @@character_set_client */;
/*!40101 SET character_set_client = utf8 */;
CREATE TABLE `mnt_server` (
  `server_id` bigint(20) NOT NULL AUTO_INCREMENT COMMENT 'ID',
  `account` varchar(50) DEFAULT NULL COMMENT '账号',
  `ip` varchar(20) DEFAULT NULL COMMENT 'IP地址',
  `name` varchar(100) DEFAULT NULL COMMENT '名称',
  `password` varchar(100) DEFAULT NULL COMMENT '密码',
  `port` int(11) DEFAULT NULL COMMENT '端口',
  `create_by` varchar(255) DEFAULT NULL COMMENT '创建者',
  `update_by` varchar(255) DEFAULT NULL COMMENT '更新者',
  `create_time` datetime DEFAULT NULL COMMENT '创建时间',
  `update_time` datetime DEFAULT NULL COMMENT '更新时间',
  PRIMARY KEY (`server_id`) USING BTREE,
  KEY `idx_ip` (`ip`)
) ENGINE=InnoDB DEFAULT CHARSET=utf8mb4 ROW_FORMAT=COMPACT COMMENT='服务器管理';
/*!40101 SET character_set_client = @saved_cs_client */;

--
-- Dumping data for table `mnt_server`
--

LOCK TABLES `mnt_server` WRITE;
/*!40000 ALTER TABLE `mnt_server` DISABLE KEYS */;
/*!40000 ALTER TABLE `mnt_server` ENABLE KEYS */;
UNLOCK TABLES;

--
-- Table structure for table `qrtz_blob_triggers`
--

DROP TABLE IF EXISTS `qrtz_blob_triggers`;
/*!40101 SET @saved_cs_client     = @@character_set_client */;
/*!40101 SET character_set_client = utf8 */;
CREATE TABLE `qrtz_blob_triggers` (
  `sched_name` varchar(120) NOT NULL,
  `trigger_name` varchar(200) NOT NULL,
  `trigger_group` varchar(200) NOT NULL,
  `blob_data` blob,
  PRIMARY KEY (`sched_name`,`trigger_name`,`trigger_group`),
  KEY `sched_name` (`sched_name`,`trigger_name`,`trigger_group`),
  CONSTRAINT `qrtz_blob_triggers_ibfk_1` FOREIGN KEY (`sched_name`, `trigger_name`, `trigger_group`) REFERENCES `qrtz_triggers` (`sched_name`, `trigger_name`, `trigger_group`)
) ENGINE=InnoDB DEFAULT CHARSET=utf8;
/*!40101 SET character_set_client = @saved_cs_client */;

--
-- Dumping data for table `qrtz_blob_triggers`
--

LOCK TABLES `qrtz_blob_triggers` WRITE;
/*!40000 ALTER TABLE `qrtz_blob_triggers` DISABLE KEYS */;
/*!40000 ALTER TABLE `qrtz_blob_triggers` ENABLE KEYS */;
UNLOCK TABLES;

--
-- Table structure for table `qrtz_calendars`
--

DROP TABLE IF EXISTS `qrtz_calendars`;
/*!40101 SET @saved_cs_client     = @@character_set_client */;
/*!40101 SET character_set_client = utf8 */;
CREATE TABLE `qrtz_calendars` (
  `sched_name` varchar(120) NOT NULL,
  `calendar_name` varchar(200) NOT NULL,
  `calendar` blob NOT NULL,
  PRIMARY KEY (`sched_name`,`calendar_name`)
) ENGINE=InnoDB DEFAULT CHARSET=utf8;
/*!40101 SET character_set_client = @saved_cs_client */;

--
-- Dumping data for table `qrtz_calendars`
--

LOCK TABLES `qrtz_calendars` WRITE;
/*!40000 ALTER TABLE `qrtz_calendars` DISABLE KEYS */;
/*!40000 ALTER TABLE `qrtz_calendars` ENABLE KEYS */;
UNLOCK TABLES;

--
-- Table structure for table `qrtz_cron_triggers`
--

DROP TABLE IF EXISTS `qrtz_cron_triggers`;
/*!40101 SET @saved_cs_client     = @@character_set_client */;
/*!40101 SET character_set_client = utf8 */;
CREATE TABLE `qrtz_cron_triggers` (
  `sched_name` varchar(120) NOT NULL,
  `trigger_name` varchar(200) NOT NULL,
  `trigger_group` varchar(200) NOT NULL,
  `cron_expression` varchar(120) NOT NULL,
  `time_zone_id` varchar(80) DEFAULT NULL,
  PRIMARY KEY (`sched_name`,`trigger_name`,`trigger_group`),
  CONSTRAINT `qrtz_cron_triggers_ibfk_1` FOREIGN KEY (`sched_name`, `trigger_name`, `trigger_group`) REFERENCES `qrtz_triggers` (`sched_name`, `trigger_name`, `trigger_group`)
) ENGINE=InnoDB DEFAULT CHARSET=utf8;
/*!40101 SET character_set_client = @saved_cs_client */;

--
-- Dumping data for table `qrtz_cron_triggers`
--

LOCK TABLES `qrtz_cron_triggers` WRITE;
/*!40000 ALTER TABLE `qrtz_cron_triggers` DISABLE KEYS */;
/*!40000 ALTER TABLE `qrtz_cron_triggers` ENABLE KEYS */;
UNLOCK TABLES;

--
-- Table structure for table `qrtz_fired_triggers`
--

DROP TABLE IF EXISTS `qrtz_fired_triggers`;
/*!40101 SET @saved_cs_client     = @@character_set_client */;
/*!40101 SET character_set_client = utf8 */;
CREATE TABLE `qrtz_fired_triggers` (
  `sched_name` varchar(120) NOT NULL,
  `entry_id` varchar(95) NOT NULL,
  `trigger_name` varchar(200) NOT NULL,
  `trigger_group` varchar(200) NOT NULL,
  `instance_name` varchar(200) NOT NULL,
  `fired_time` bigint(13) NOT NULL,
  `sched_time` bigint(13) NOT NULL,
  `priority` int(11) NOT NULL,
  `state` varchar(16) NOT NULL,
  `job_name` varchar(200) DEFAULT NULL,
  `job_group` varchar(200) DEFAULT NULL,
  `is_nonconcurrent` varchar(1) DEFAULT NULL,
  `requests_recovery` varchar(1) DEFAULT NULL,
  PRIMARY KEY (`sched_name`,`entry_id`),
  KEY `idx_qrtz_ft_trig_inst_name` (`sched_name`,`instance_name`),
  KEY `idx_qrtz_ft_inst_job_req_rcvry` (`sched_name`,`instance_name`,`requests_recovery`),
  KEY `idx_qrtz_ft_j_g` (`sched_name`,`job_name`,`job_group`),
  KEY `idx_qrtz_ft_jg` (`sched_name`,`job_group`),
  KEY `idx_qrtz_ft_t_g` (`sched_name`,`trigger_name`,`trigger_group`),
  KEY `idx_qrtz_ft_tg` (`sched_name`,`trigger_group`)
) ENGINE=InnoDB DEFAULT CHARSET=utf8;
/*!40101 SET character_set_client = @saved_cs_client */;

--
-- Dumping data for table `qrtz_fired_triggers`
--

LOCK TABLES `qrtz_fired_triggers` WRITE;
/*!40000 ALTER TABLE `qrtz_fired_triggers` DISABLE KEYS */;
/*!40000 ALTER TABLE `qrtz_fired_triggers` ENABLE KEYS */;
UNLOCK TABLES;

--
-- Table structure for table `qrtz_job_details`
--

DROP TABLE IF EXISTS `qrtz_job_details`;
/*!40101 SET @saved_cs_client     = @@character_set_client */;
/*!40101 SET character_set_client = utf8 */;
CREATE TABLE `qrtz_job_details` (
  `sched_name` varchar(120) NOT NULL,
  `job_name` varchar(200) NOT NULL,
  `job_group` varchar(200) NOT NULL,
  `description` varchar(250) DEFAULT NULL,
  `job_class_name` varchar(250) NOT NULL,
  `is_durable` varchar(1) NOT NULL,
  `is_nonconcurrent` varchar(1) NOT NULL,
  `is_update_data` varchar(1) NOT NULL,
  `requests_recovery` varchar(1) NOT NULL,
  `job_data` blob,
  PRIMARY KEY (`sched_name`,`job_name`,`job_group`),
  KEY `idx_qrtz_j_req_recovery` (`sched_name`,`requests_recovery`),
  KEY `idx_qrtz_j_grp` (`sched_name`,`job_group`)
) ENGINE=InnoDB DEFAULT CHARSET=utf8;
/*!40101 SET character_set_client = @saved_cs_client */;

--
-- Dumping data for table `qrtz_job_details`
--

LOCK TABLES `qrtz_job_details` WRITE;
/*!40000 ALTER TABLE `qrtz_job_details` DISABLE KEYS */;
/*!40000 ALTER TABLE `qrtz_job_details` ENABLE KEYS */;
UNLOCK TABLES;

--
-- Table structure for table `qrtz_locks`
--

DROP TABLE IF EXISTS `qrtz_locks`;
/*!40101 SET @saved_cs_client     = @@character_set_client */;
/*!40101 SET character_set_client = utf8 */;
CREATE TABLE `qrtz_locks` (
  `sched_name` varchar(120) NOT NULL,
  `lock_name` varchar(40) NOT NULL,
  PRIMARY KEY (`sched_name`,`lock_name`)
) ENGINE=InnoDB DEFAULT CHARSET=utf8;
/*!40101 SET character_set_client = @saved_cs_client */;

--
-- Dumping data for table `qrtz_locks`
--

LOCK TABLES `qrtz_locks` WRITE;
/*!40000 ALTER TABLE `qrtz_locks` DISABLE KEYS */;
/*!40000 ALTER TABLE `qrtz_locks` ENABLE KEYS */;
UNLOCK TABLES;

--
-- Table structure for table `qrtz_paused_trigger_grps`
--

DROP TABLE IF EXISTS `qrtz_paused_trigger_grps`;
/*!40101 SET @saved_cs_client     = @@character_set_client */;
/*!40101 SET character_set_client = utf8 */;
CREATE TABLE `qrtz_paused_trigger_grps` (
  `sched_name` varchar(120) NOT NULL,
  `trigger_group` varchar(200) NOT NULL,
  PRIMARY KEY (`sched_name`,`trigger_group`)
) ENGINE=InnoDB DEFAULT CHARSET=utf8;
/*!40101 SET character_set_client = @saved_cs_client */;

--
-- Dumping data for table `qrtz_paused_trigger_grps`
--

LOCK TABLES `qrtz_paused_trigger_grps` WRITE;
/*!40000 ALTER TABLE `qrtz_paused_trigger_grps` DISABLE KEYS */;
/*!40000 ALTER TABLE `qrtz_paused_trigger_grps` ENABLE KEYS */;
UNLOCK TABLES;

--
-- Table structure for table `qrtz_scheduler_state`
--

DROP TABLE IF EXISTS `qrtz_scheduler_state`;
/*!40101 SET @saved_cs_client     = @@character_set_client */;
/*!40101 SET character_set_client = utf8 */;
CREATE TABLE `qrtz_scheduler_state` (
  `sched_name` varchar(120) NOT NULL,
  `instance_name` varchar(200) NOT NULL,
  `last_checkin_time` bigint(13) NOT NULL,
  `checkin_interval` bigint(13) NOT NULL,
  PRIMARY KEY (`sched_name`,`instance_name`)
) ENGINE=InnoDB DEFAULT CHARSET=utf8;
/*!40101 SET character_set_client = @saved_cs_client */;

--
-- Dumping data for table `qrtz_scheduler_state`
--

LOCK TABLES `qrtz_scheduler_state` WRITE;
/*!40000 ALTER TABLE `qrtz_scheduler_state` DISABLE KEYS */;
/*!40000 ALTER TABLE `qrtz_scheduler_state` ENABLE KEYS */;
UNLOCK TABLES;

--
-- Table structure for table `qrtz_simple_triggers`
--

DROP TABLE IF EXISTS `qrtz_simple_triggers`;
/*!40101 SET @saved_cs_client     = @@character_set_client */;
/*!40101 SET character_set_client = utf8 */;
CREATE TABLE `qrtz_simple_triggers` (
  `sched_name` varchar(120) NOT NULL,
  `trigger_name` varchar(200) NOT NULL,
  `trigger_group` varchar(200) NOT NULL,
  `repeat_count` bigint(7) NOT NULL,
  `repeat_interval` bigint(12) NOT NULL,
  `times_triggered` bigint(10) NOT NULL,
  PRIMARY KEY (`sched_name`,`trigger_name`,`trigger_group`),
  CONSTRAINT `qrtz_simple_triggers_ibfk_1` FOREIGN KEY (`sched_name`, `trigger_name`, `trigger_group`) REFERENCES `qrtz_triggers` (`sched_name`, `trigger_name`, `trigger_group`)
) ENGINE=InnoDB DEFAULT CHARSET=utf8;
/*!40101 SET character_set_client = @saved_cs_client */;

--
-- Dumping data for table `qrtz_simple_triggers`
--

LOCK TABLES `qrtz_simple_triggers` WRITE;
/*!40000 ALTER TABLE `qrtz_simple_triggers` DISABLE KEYS */;
/*!40000 ALTER TABLE `qrtz_simple_triggers` ENABLE KEYS */;
UNLOCK TABLES;

--
-- Table structure for table `qrtz_simprop_triggers`
--

DROP TABLE IF EXISTS `qrtz_simprop_triggers`;
/*!40101 SET @saved_cs_client     = @@character_set_client */;
/*!40101 SET character_set_client = utf8 */;
CREATE TABLE `qrtz_simprop_triggers` (
  `sched_name` varchar(120) NOT NULL,
  `trigger_name` varchar(200) NOT NULL,
  `trigger_group` varchar(200) NOT NULL,
  `str_prop_1` varchar(512) DEFAULT NULL,
  `str_prop_2` varchar(512) DEFAULT NULL,
  `str_prop_3` varchar(512) DEFAULT NULL,
  `int_prop_1` int(11) DEFAULT NULL,
  `int_prop_2` int(11) DEFAULT NULL,
  `long_prop_1` bigint(20) DEFAULT NULL,
  `long_prop_2` bigint(20) DEFAULT NULL,
  `dec_prop_1` decimal(13,4) DEFAULT NULL,
  `dec_prop_2` decimal(13,4) DEFAULT NULL,
  `bool_prop_1` varchar(1) DEFAULT NULL,
  `bool_prop_2` varchar(1) DEFAULT NULL,
  PRIMARY KEY (`sched_name`,`trigger_name`,`trigger_group`),
  CONSTRAINT `qrtz_simprop_triggers_ibfk_1` FOREIGN KEY (`sched_name`, `trigger_name`, `trigger_group`) REFERENCES `qrtz_triggers` (`sched_name`, `trigger_name`, `trigger_group`)
) ENGINE=InnoDB DEFAULT CHARSET=utf8;
/*!40101 SET character_set_client = @saved_cs_client */;

--
-- Dumping data for table `qrtz_simprop_triggers`
--

LOCK TABLES `qrtz_simprop_triggers` WRITE;
/*!40000 ALTER TABLE `qrtz_simprop_triggers` DISABLE KEYS */;
/*!40000 ALTER TABLE `qrtz_simprop_triggers` ENABLE KEYS */;
UNLOCK TABLES;

--
-- Table structure for table `qrtz_triggers`
--

DROP TABLE IF EXISTS `qrtz_triggers`;
/*!40101 SET @saved_cs_client     = @@character_set_client */;
/*!40101 SET character_set_client = utf8 */;
CREATE TABLE `qrtz_triggers` (
  `sched_name` varchar(120) NOT NULL,
  `trigger_name` varchar(200) NOT NULL,
  `trigger_group` varchar(200) NOT NULL,
  `job_name` varchar(200) NOT NULL,
  `job_group` varchar(200) NOT NULL,
  `description` varchar(250) DEFAULT NULL,
  `next_fire_time` bigint(13) DEFAULT NULL,
  `prev_fire_time` bigint(13) DEFAULT NULL,
  `priority` int(11) DEFAULT NULL,
  `trigger_state` varchar(16) NOT NULL,
  `trigger_type` varchar(8) NOT NULL,
  `start_time` bigint(13) NOT NULL,
  `end_time` bigint(13) DEFAULT NULL,
  `calendar_name` varchar(200) DEFAULT NULL,
  `misfire_instr` smallint(2) DEFAULT NULL,
  `job_data` blob,
  PRIMARY KEY (`sched_name`,`trigger_name`,`trigger_group`),
  KEY `idx_qrtz_t_j` (`sched_name`,`job_name`,`job_group`),
  KEY `idx_qrtz_t_jg` (`sched_name`,`job_group`),
  KEY `idx_qrtz_t_c` (`sched_name`,`calendar_name`),
  KEY `idx_qrtz_t_g` (`sched_name`,`trigger_group`),
  KEY `idx_qrtz_t_state` (`sched_name`,`trigger_state`),
  KEY `idx_qrtz_t_n_state` (`sched_name`,`trigger_name`,`trigger_group`,`trigger_state`),
  KEY `idx_qrtz_t_n_g_state` (`sched_name`,`trigger_group`,`trigger_state`),
  KEY `idx_qrtz_t_next_fire_time` (`sched_name`,`next_fire_time`),
  KEY `idx_qrtz_t_nft_st` (`sched_name`,`trigger_state`,`next_fire_time`),
  KEY `idx_qrtz_t_nft_misfire` (`sched_name`,`misfire_instr`,`next_fire_time`),
  KEY `idx_qrtz_t_nft_st_misfire` (`sched_name`,`misfire_instr`,`next_fire_time`,`trigger_state`),
  KEY `idx_qrtz_t_nft_st_misfire_grp` (`sched_name`,`misfire_instr`,`next_fire_time`,`trigger_group`,`trigger_state`),
  CONSTRAINT `qrtz_triggers_ibfk_1` FOREIGN KEY (`sched_name`, `job_name`, `job_group`) REFERENCES `qrtz_job_details` (`sched_name`, `job_name`, `job_group`)
) ENGINE=InnoDB DEFAULT CHARSET=utf8;
/*!40101 SET character_set_client = @saved_cs_client */;

--
-- Dumping data for table `qrtz_triggers`
--

LOCK TABLES `qrtz_triggers` WRITE;
/*!40000 ALTER TABLE `qrtz_triggers` DISABLE KEYS */;
/*!40000 ALTER TABLE `qrtz_triggers` ENABLE KEYS */;
UNLOCK TABLES;

--
-- Table structure for table `sys_dept`
--

DROP TABLE IF EXISTS `sys_dept`;
/*!40101 SET @saved_cs_client     = @@character_set_client */;
/*!40101 SET character_set_client = utf8 */;
CREATE TABLE `sys_dept` (
  `dept_id` bigint(20) NOT NULL AUTO_INCREMENT COMMENT 'ID',
  `pid` bigint(20) DEFAULT NULL COMMENT '上级部门',
  `sub_count` int(5) DEFAULT '0' COMMENT '子部门数目',
  `name` varchar(255) NOT NULL COMMENT '名称',
  `dept_sort` int(5) DEFAULT '999' COMMENT '排序',
  `enabled` bit(1) NOT NULL COMMENT '状态',
  `create_by` varchar(255) DEFAULT NULL COMMENT '创建者',
  `update_by` varchar(255) DEFAULT NULL COMMENT '更新者',
  `create_time` datetime DEFAULT NULL COMMENT '创建日期',
  `update_time` datetime DEFAULT NULL COMMENT '更新时间',
  PRIMARY KEY (`dept_id`) USING BTREE,
  KEY `idx_pid` (`pid`),
  KEY `idx_enabled` (`enabled`)
) ENGINE=InnoDB AUTO_INCREMENT=18 DEFAULT CHARSET=utf8mb4 ROW_FORMAT=COMPACT COMMENT='部门';
/*!40101 SET character_set_client = @saved_cs_client */;

--
-- Dumping data for table `sys_dept`
--

LOCK TABLES `sys_dept` WRITE;
/*!40000 ALTER TABLE `sys_dept` DISABLE KEYS */;
INSERT INTO `sys_dept` VALUES (2,7,1,'研发部',3,'','admin','admin','2019-03-25 09:15:32','2020-08-02 14:48:47'),(5,7,0,'运维部',4,'','admin','admin','2019-03-25 09:20:44','2020-05-17 14:27:27'),(6,8,0,'测试部',6,'','admin','admin','2019-03-25 09:52:18','2020-06-08 11:59:21'),(7,NULL,2,'华南分部',0,'','admin','admin','2019-03-25 11:04:50','2020-06-08 12:08:56'),(8,NULL,2,'华北分部',1,'','admin','admin','2019-03-25 11:04:53','2020-05-14 12:54:00'),(15,8,0,'UI部门',7,'','admin','admin','2020-05-13 22:56:53','2020-05-14 12:54:13'),(17,2,0,'研发一组',999,'','admin','admin','2020-08-02 14:49:07','2020-08-02 14:49:07');
/*!40000 ALTER TABLE `sys_dept` ENABLE KEYS */;
UNLOCK TABLES;

--
-- Table structure for table `sys_dict`
--

DROP TABLE IF EXISTS `sys_dict`;
/*!40101 SET @saved_cs_client     = @@character_set_client */;
/*!40101 SET character_set_client = utf8 */;
CREATE TABLE `sys_dict` (
  `dict_id` bigint(20) NOT NULL AUTO_INCREMENT COMMENT 'ID',
  `name` varchar(255) NOT NULL COMMENT '字典名称',
  `description` varchar(255) DEFAULT NULL COMMENT '描述',
  `create_by` varchar(255) DEFAULT NULL COMMENT '创建者',
  `update_by` varchar(255) DEFAULT NULL COMMENT '更新者',
  `create_time` datetime DEFAULT NULL COMMENT '创建日期',
  `update_time` datetime DEFAULT NULL COMMENT '更新时间',
  PRIMARY KEY (`dict_id`) USING BTREE
) ENGINE=InnoDB AUTO_INCREMENT=6 DEFAULT CHARSET=utf8mb4 ROW_FORMAT=COMPACT COMMENT='数据字典';
/*!40101 SET character_set_client = @saved_cs_client */;

--
-- Dumping data for table `sys_dict`
--

LOCK TABLES `sys_dict` WRITE;
/*!40000 ALTER TABLE `sys_dict` DISABLE KEYS */;
INSERT INTO `sys_dict` VALUES (1,'user_status','用户状态',NULL,NULL,'2019-10-27 20:31:36',NULL),(4,'dept_status','部门状态',NULL,NULL,'2019-10-27 20:31:36',NULL),(5,'job_status','岗位状态',NULL,'admin','2019-10-27 20:31:36','2025-01-14 15:48:29');
/*!40000 ALTER TABLE `sys_dict` ENABLE KEYS */;
UNLOCK TABLES;

--
-- Table structure for table `sys_dict_detail`
--

DROP TABLE IF EXISTS `sys_dict_detail`;
/*!40101 SET @saved_cs_client     = @@character_set_client */;
/*!40101 SET character_set_client = utf8 */;
CREATE TABLE `sys_dict_detail` (
  `detail_id` bigint(20) NOT NULL AUTO_INCREMENT COMMENT 'ID',
  `dict_id` bigint(11) DEFAULT NULL COMMENT '字典id',
  `label` varchar(255) NOT NULL COMMENT '字典标签',
  `value` varchar(255) NOT NULL COMMENT '字典值',
  `dict_sort` int(5) DEFAULT NULL COMMENT '排序',
  `create_by` varchar(255) DEFAULT NULL COMMENT '创建者',
  `update_by` varchar(255) DEFAULT NULL COMMENT '更新者',
  `create_time` datetime DEFAULT NULL COMMENT '创建日期',
  `update_time` datetime DEFAULT NULL COMMENT '更新时间',
  PRIMARY KEY (`detail_id`) USING BTREE,
  KEY `idx_dict_id` (`dict_id`) USING BTREE
) ENGINE=InnoDB AUTO_INCREMENT=7 DEFAULT CHARSET=utf8mb4 ROW_FORMAT=COMPACT COMMENT='数据字典详情';
/*!40101 SET character_set_client = @saved_cs_client */;

--
-- Dumping data for table `sys_dict_detail`
--

LOCK TABLES `sys_dict_detail` WRITE;
/*!40000 ALTER TABLE `sys_dict_detail` DISABLE KEYS */;
INSERT INTO `sys_dict_detail` VALUES (1,1,'激活','true',1,NULL,NULL,'2019-10-27 20:31:36',NULL),(2,1,'禁用','false',2,NULL,NULL,NULL,NULL),(3,4,'启用','true',1,NULL,NULL,NULL,NULL),(4,4,'停用','false',2,NULL,NULL,'2019-10-27 20:31:36',NULL),(5,5,'启用','true',1,NULL,NULL,NULL,NULL),(6,5,'停用','false',2,NULL,NULL,'2019-10-27 20:31:36',NULL);
/*!40000 ALTER TABLE `sys_dict_detail` ENABLE KEYS */;
UNLOCK TABLES;

--
-- Table structure for table `sys_job`
--

DROP TABLE IF EXISTS `sys_job`;
/*!40101 SET @saved_cs_client     = @@character_set_client */;
/*!40101 SET character_set_client = utf8 */;
CREATE TABLE `sys_job` (
  `job_id` bigint(20) NOT NULL AUTO_INCREMENT COMMENT 'ID',
  `name` varchar(180) NOT NULL COMMENT '岗位名称',
  `enabled` bit(1) NOT NULL COMMENT '岗位状态',
  `job_sort` int(5) DEFAULT NULL COMMENT '排序',
  `create_by` varchar(255) DEFAULT NULL COMMENT '创建者',
  `update_by` varchar(255) DEFAULT NULL COMMENT '更新者',
  `create_time` datetime DEFAULT NULL COMMENT '创建日期',
  `update_time` datetime DEFAULT NULL COMMENT '更新时间',
  PRIMARY KEY (`job_id`) USING BTREE,
  UNIQUE KEY `uniq_name` (`name`),
  KEY `idx_enabled` (`enabled`)
) ENGINE=InnoDB AUTO_INCREMENT=13 DEFAULT CHARSET=utf8mb4 ROW_FORMAT=COMPACT COMMENT='岗位';
/*!40101 SET character_set_client = @saved_cs_client */;

--
-- Dumping data for table `sys_job`
--

LOCK TABLES `sys_job` WRITE;
/*!40000 ALTER TABLE `sys_job` DISABLE KEYS */;
INSERT INTO `sys_job` VALUES (8,'人事专员','',3,NULL,NULL,'2019-03-29 14:52:28',NULL),(10,'产品经理','',4,NULL,NULL,'2019-03-29 14:55:51',NULL),(11,'全栈开发','',2,NULL,'admin','2019-03-31 13:39:30','2020-05-05 11:33:43'),(12,'软件测试','',5,NULL,'admin','2019-03-31 13:39:43','2020-05-10 19:56:26');
/*!40000 ALTER TABLE `sys_job` ENABLE KEYS */;
UNLOCK TABLES;

--
-- Table structure for table `sys_log`
--

DROP TABLE IF EXISTS `sys_log`;
/*!40101 SET @saved_cs_client     = @@character_set_client */;
/*!40101 SET character_set_client = utf8 */;
CREATE TABLE `sys_log` (
  `log_id` bigint(20) NOT NULL AUTO_INCREMENT COMMENT 'ID',
  `description` varchar(255) DEFAULT NULL COMMENT '描述',
  `log_type` varchar(10) NOT NULL COMMENT '日志类型：INFI/ERROR',
  `method` varchar(255) DEFAULT NULL COMMENT '方法名',
  `params` text COMMENT '参数',
  `request_ip` varchar(255) DEFAULT NULL COMMENT '请求IP',
  `time` bigint(20) DEFAULT NULL COMMENT '执行时间',
  `username` varchar(255) DEFAULT NULL COMMENT '用户名',
  `address` varchar(255) DEFAULT NULL COMMENT '地址',
  `browser` varchar(255) DEFAULT NULL COMMENT '浏览器',
  `exception_detail` text COMMENT '异常',
  `create_time` datetime NOT NULL COMMENT '创建时间',
  PRIMARY KEY (`log_id`) USING BTREE,
  KEY `idx_create_time_index` (`create_time`),
  KEY `idx_log_type` (`log_type`)
) ENGINE=InnoDB AUTO_INCREMENT=7 DEFAULT CHARSET=utf8mb4 ROW_FORMAT=COMPACT COMMENT='系统日志';
/*!40101 SET character_set_client = @saved_cs_client */;

--
-- Dumping data for table `sys_log`
--

LOCK TABLES `sys_log` WRITE;
/*!40000 ALTER TABLE `sys_log` DISABLE KEYS */;
INSERT INTO `sys_log` VALUES (1,'用户登录','INFO','me.zhengjie.modules.security.rest.AuthController.login()','{\"password\":\"******\",\"code\":\"15\",\"uuid\":\"captcha_code:da71c0fb4b824ad3b9f0574605140c3c\",\"username\":\"admin\"}','10.49.87.214',503,'admin','内网IP','Chrome 110',NULL,'2025-01-21 15:53:42'),(2,'用户登录','INFO','me.zhengjie.modules.security.rest.AuthController.login()','{\"password\":\"******\",\"code\":\"6\",\"uuid\":\"captcha_code:0ed61d40714148c4958f86714edcaec9\",\"username\":\"admin\"}','10.49.87.214',268,'admin','内网IP','Chrome 110',NULL,'2025-01-21 17:17:19'),(3,'新增菜单','INFO','me.zhengjie.modules.system.rest.MenuController.createMenu()','{\"cache\":false,\"hidden\":false,\"icon\":\"international\",\"updateTime\":1737452809152,\"title\":\"名片\",\"type\":1,\"subCount\":0,\"path\":\"/smart_card\",\"createBy\":\"admin\",\"createTime\":1737452809152,\"updateBy\":\"admin\",\"iFrame\":false,\"id\":117,\"menuSort\":999}','10.49.87.214',89,'admin','内网IP','Chrome 110',NULL,'2025-01-21 17:46:49'),(4,'修改菜单','INFO','me.zhengjie.modules.system.rest.MenuController.updateMenu()','{\"cache\":false,\"hidden\":false,\"icon\":\"international\",\"updateTime\":1737452809000,\"title\":\"名片\",\"type\":1,\"subCount\":0,\"path\":\"/smart_card\",\"createBy\":\"admin\",\"createTime\":1737452809000,\"updateBy\":\"admin\",\"iFrame\":false,\"id\":117,\"menuSort\":999}','10.49.87.214',48,'admin','内网IP','Chrome 110',NULL,'2025-01-21 17:46:55'),(5,'修改菜单','INFO','me.zhengjie.modules.system.rest.MenuController.updateMenu()','{\"cache\":false,\"hidden\":false,\"icon\":\"international\",\"updateTime\":1737452809000,\"title\":\"名片\",\"type\":1,\"subCount\":0,\"path\":\"/smart_card\",\"component\":\"tCard\",\"createBy\":\"admin\",\"createTime\":1737452809000,\"updateBy\":\"admin\",\"iFrame\":false,\"componentName\":\"tCard\",\"id\":117,\"menuSort\":999}','10.49.87.214',43,'admin','内网IP','Chrome 110',NULL,'2025-01-21 17:47:15'),(6,'修改角色菜单','INFO','me.zhengjie.modules.system.rest.RoleController.updateRoleMenu()','{\"level\":3,\"id\":1,\"menus\":[{\"subCount\":0,\"id\":97,\"menuSort\":999},{\"subCount\":0,\"id\":98,\"menuSort\":999},{\"subCount\":0,\"id\":102,\"menuSort\":999},{\"subCount\":0,\"id\":103,\"menuSort\":999},{\"subCount\":0,\"id\":104,\"menuSort\":999},{\"subCount\":0,\"id\":105,\"menuSort\":999},{\"subCount\":0,\"id\":106,\"menuSort\":999},{\"subCount\":0,\"id\":107,\"menuSort\":999},{\"subCount\":0,\"id\":108,\"menuSort\":999},{\"subCount\":0,\"id\":109,\"menuSort\":999},{\"subCount\":0,\"id\":110,\"menuSort\":999},{\"subCount\":0,\"id\":111,\"menuSort\":999},{\"subCount\":0,\"id\":116,\"menuSort\":999},{\"subCount\":0,\"id\":117,\"menuSort\":999},{\"subCount\":0,\"id\":1,\"menuSort\":999},{\"subCount\":0,\"id\":2,\"menuSort\":999},{\"subCount\":0,\"id\":3,\"menuSort\":999},{\"subCount\":0,\"id\":5,\"menuSort\":999},{\"subCount\":0,\"id\":6,\"menuSort\":999},{\"subCount\":0,\"id\":7,\"menuSort\":999},{\"subCount\":0,\"id\":9,\"menuSort\":999},{\"subCount\":0,\"id\":10,\"menuSort\":999},{\"subCount\":0,\"id\":11,\"menuSort\":999},{\"subCount\":0,\"id\":14,\"menuSort\":999},{\"subCount\":0,\"id\":15,\"menuSort\":999},{\"subCount\":0,\"id\":18,\"menuSort\":999},{\"subCount\":0,\"id\":19,\"menuSort\":999},{\"subCount\":0,\"id\":21,\"menuSort\":999},{\"subCount\":0,\"id\":22,\"menuSort\":999},{\"subCount\":0,\"id\":23,\"menuSort\":999},{\"subCount\":0,\"id\":24,\"menuSort\":999},{\"subCount\":0,\"id\":27,\"menuSort\":999},{\"subCount\":0,\"id\":28,\"menuSort\":999},{\"subCount\":0,\"id\":30,\"menuSort\":999},{\"subCount\":0,\"id\":32,\"menuSort\":999},{\"subCount\":0,\"id\":33,\"menuSort\":999},{\"subCount\":0,\"id\":34,\"menuSort\":999},{\"subCount\":0,\"id\":35,\"menuSort\":999},{\"subCount\":0,\"id\":36,\"menuSort\":999},{\"subCount\":0,\"id\":37,\"menuSort\":999},{\"subCount\":0,\"id\":39,\"menuSort\":999},{\"subCount\":0,\"id\":41,\"menuSort\":999},{\"subCount\":0,\"id\":44,\"menuSort\":999},{\"subCount\":0,\"id\":45,\"menuSort\":999},{\"subCount\":0,\"id\":46,\"menuSort\":999},{\"subCount\":0,\"id\":48,\"menuSort\":999},{\"subCount\":0,\"id\":49,\"menuSort\":999},{\"subCount\":0,\"id\":50,\"menuSort\":999},{\"subCount\":0,\"id\":52,\"menuSort\":999},{\"subCount\":0,\"id\":53,\"menuSort\":999},{\"subCount\":0,\"id\":54,\"menuSort\":999},{\"subCount\":0,\"id\":56,\"menuSort\":999},{\"subCount\":0,\"id\":57,\"menuSort\":999},{\"subCount\":0,\"id\":58,\"menuSort\":999},{\"subCount\":0,\"id\":60,\"menuSort\":999},{\"subCount\":0,\"id\":61,\"menuSort\":999},{\"subCount\":0,\"id\":62,\"menuSort\":999},{\"subCount\":0,\"id\":64,\"menuSort\":999},{\"subCount\":0,\"id\":65,\"menuSort\":999},{\"subCount\":0,\"id\":66,\"menuSort\":999},{\"subCount\":0,\"id\":73,\"menuSort\":999},{\"subCount\":0,\"id\":74,\"menuSort\":999},{\"subCount\":0,\"id\":75,\"menuSort\":999},{\"subCount\":0,\"id\":77,\"menuSort\":999},{\"subCount\":0,\"id\":78,\"menuSort\":999},{\"subCount\":0,\"id\":79,\"menuSort\":999},{\"subCount\":0,\"id\":80,\"menuSort\":999},{\"subCount\":0,\"id\":82,\"menuSort\":999},{\"subCount\":0,\"id\":83,\"menuSort\":999},{\"subCount\":0,\"id\":90,\"menuSort\":999},{\"subCount\":0,\"id\":92,\"menuSort\":999},{\"subCount\":0,\"id\":93,\"menuSort\":999},{\"subCount\":0,\"id\":94,\"menuSort\":999}],\"dataScope\":\"本级\"}','10.49.87.214',110,'admin','内网IP','Chrome 110',NULL,'2025-01-21 17:47:28');
/*!40000 ALTER TABLE `sys_log` ENABLE KEYS */;
UNLOCK TABLES;

--
-- Table structure for table `sys_menu`
--

DROP TABLE IF EXISTS `sys_menu`;
/*!40101 SET @saved_cs_client     = @@character_set_client */;
/*!40101 SET character_set_client = utf8 */;
CREATE TABLE `sys_menu` (
  `menu_id` bigint(20) NOT NULL AUTO_INCREMENT COMMENT 'ID',
  `pid` bigint(20) DEFAULT NULL COMMENT '上级菜单ID',
  `sub_count` int(5) DEFAULT '0' COMMENT '子菜单数目',
  `type` int(11) DEFAULT NULL COMMENT '菜单类型',
  `title` varchar(100) DEFAULT NULL COMMENT '菜单标题',
  `name` varchar(100) DEFAULT NULL COMMENT '组件名称',
  `component` varchar(255) DEFAULT NULL COMMENT '组件',
  `menu_sort` int(5) DEFAULT NULL COMMENT '排序',
  `icon` varchar(255) DEFAULT NULL COMMENT '图标',
  `path` varchar(255) DEFAULT NULL COMMENT '链接地址',
  `i_frame` bit(1) DEFAULT NULL COMMENT '是否外链',
  `cache` bit(1) DEFAULT b'0' COMMENT '缓存',
  `hidden` bit(1) DEFAULT b'0' COMMENT '隐藏',
  `permission` varchar(255) DEFAULT NULL COMMENT '权限',
  `create_by` varchar(255) DEFAULT NULL COMMENT '创建者',
  `update_by` varchar(255) DEFAULT NULL COMMENT '更新者',
  `create_time` datetime DEFAULT NULL COMMENT '创建日期',
  `update_time` datetime DEFAULT NULL COMMENT '更新时间',
  PRIMARY KEY (`menu_id`) USING BTREE,
  UNIQUE KEY `uniq_name` (`name`),
  UNIQUE KEY `uniq_title` (`title`),
  KEY `idx_pid` (`pid`)
) ENGINE=InnoDB AUTO_INCREMENT=118 DEFAULT CHARSET=utf8mb4 ROW_FORMAT=COMPACT COMMENT='系统菜单';
/*!40101 SET character_set_client = @saved_cs_client */;

--
-- Dumping data for table `sys_menu`
--

LOCK TABLES `sys_menu` WRITE;
/*!40000 ALTER TABLE `sys_menu` DISABLE KEYS */;
INSERT INTO `sys_menu` VALUES (1,NULL,7,0,'系统管理',NULL,NULL,1,'system','system','\0','\0','\0',NULL,NULL,'admin','2018-12-18 15:11:29','2025-01-14 15:48:18'),(2,1,3,1,'用户管理','User','system/user/index',2,'peoples','user','\0','\0','\0','user:list',NULL,NULL,'2018-12-18 15:14:44',NULL),(3,1,3,1,'角色管理','Role','system/role/index',3,'role','role','\0','\0','\0','roles:list',NULL,NULL,'2018-12-18 15:16:07',NULL),(5,1,3,1,'菜单管理','Menu','system/menu/index',5,'menu','menu','\0','\0','\0','menu:list',NULL,NULL,'2018-12-18 15:17:28',NULL),(6,NULL,5,0,'系统监控',NULL,NULL,10,'monitor','monitor','\0','\0','\0',NULL,NULL,NULL,'2018-12-18 15:17:48',NULL),(7,6,0,1,'操作日志','Log','monitor/log/index',11,'log','logs','\0','','\0',NULL,NULL,'admin','2018-12-18 15:18:26','2020-06-06 13:11:57'),(9,6,0,1,'SQL监控','Sql','monitor/sql/index',18,'sqlMonitor','druid','\0','\0','\0',NULL,NULL,NULL,'2018-12-18 15:19:34',NULL),(10,NULL,5,0,'组件管理',NULL,NULL,50,'zujian','components','\0','\0','\0',NULL,NULL,NULL,'2018-12-19 13:38:16',NULL),(11,10,0,1,'图标库','Icons','components/icons/index',51,'icon','icon','\0','\0','\0',NULL,NULL,NULL,'2018-12-19 13:38:49',NULL),(14,36,0,1,'邮件工具','Email','tools/email/index',35,'email','email','\0','\0','\0',NULL,NULL,NULL,'2018-12-27 10:13:09',NULL),(15,10,0,1,'富文本','Editor','components/Editor',52,'fwb','tinymce','\0','\0','\0',NULL,NULL,NULL,'2018-12-27 11:58:25',NULL),(18,36,3,1,'存储管理','Storage','tools/storage/index',34,'qiniu','storage','\0','\0','\0','storage:list',NULL,NULL,'2018-12-31 11:12:15',NULL),(19,36,0,1,'支付宝工具','AliPay','tools/aliPay/index',37,'alipay','aliPay','\0','\0','\0',NULL,NULL,NULL,'2018-12-31 14:52:38',NULL),(21,NULL,2,0,'多级菜单',NULL,'',900,'menu','nested','\0','\0','\0',NULL,NULL,'admin','2019-01-04 16:22:03','2020-06-21 17:27:35'),(22,21,2,0,'二级菜单1',NULL,'',999,'menu','menu1','\0','\0','\0',NULL,NULL,'admin','2019-01-04 16:23:29','2020-06-21 17:27:20'),(23,21,0,1,'二级菜单2',NULL,'nested/menu2/index',999,'menu','menu2','\0','\0','\0',NULL,NULL,NULL,'2019-01-04 16:23:57',NULL),(24,22,0,1,'三级菜单1','Test','nested/menu1/menu1-1',999,'menu','menu1-1','\0','\0','\0',NULL,NULL,NULL,'2019-01-04 16:24:48',NULL),(27,22,0,1,'三级菜单2',NULL,'nested/menu1/menu1-2',999,'menu','menu1-2','\0','\0','\0',NULL,NULL,NULL,'2019-01-07 17:27:32',NULL),(28,1,3,1,'任务调度','Timing','system/timing/index',999,'timing','timing','\0','\0','\0','timing:list',NULL,NULL,'2019-01-07 20:34:40',NULL),(30,36,0,1,'代码生成','GeneratorIndex','generator/index',32,'dev','generator','\0','','\0',NULL,NULL,NULL,'2019-01-11 15:45:55',NULL),(32,6,0,1,'异常日志','ErrorLog','monitor/log/errorLog',12,'error','errorLog','\0','\0','\0',NULL,NULL,NULL,'2019-01-13 13:49:03',NULL),(33,10,0,1,'Markdown','Markdown','components/MarkDown',53,'markdown','markdown','\0','\0','\0',NULL,NULL,NULL,'2019-03-08 13:46:44',NULL),(34,10,0,1,'Yaml编辑器','YamlEdit','components/YamlEdit',54,'dev','yaml','\0','\0','\0',NULL,NULL,NULL,'2019-03-08 15:49:40',NULL),(35,1,3,1,'部门管理','Dept','system/dept/index',6,'dept','dept','\0','\0','\0','dept:list',NULL,NULL,'2019-03-25 09:46:00',NULL),(36,NULL,6,0,'系统工具',NULL,'',30,'sys-tools','sys-tools','\0','\0','\0',NULL,NULL,NULL,'2019-03-29 10:57:35',NULL),(37,1,3,1,'岗位管理','Job','system/job/index',7,'Steve-Jobs','job','\0','\0','\0','job:list',NULL,NULL,'2019-03-29 13:51:18',NULL),(39,1,3,1,'字典管理','Dict','system/dict/index',8,'dictionary','dict','\0','\0','\0','dict:list',NULL,NULL,'2019-04-10 11:49:04',NULL),(41,6,0,1,'在线用户','OnlineUser','monitor/online/index',10,'Steve-Jobs','online','\0','\0','\0',NULL,NULL,NULL,'2019-10-26 22:08:43',NULL),(44,2,0,2,'用户新增',NULL,'',2,'','','\0','\0','\0','user:add',NULL,NULL,'2019-10-29 10:59:46',NULL),(45,2,0,2,'用户编辑',NULL,'',3,'','','\0','\0','\0','user:edit',NULL,NULL,'2019-10-29 11:00:08',NULL),(46,2,0,2,'用户删除',NULL,'',4,'','','\0','\0','\0','user:del',NULL,NULL,'2019-10-29 11:00:23',NULL),(48,3,0,2,'角色创建',NULL,'',2,'','','\0','\0','\0','roles:add',NULL,NULL,'2019-10-29 12:45:34',NULL),(49,3,0,2,'角色修改',NULL,'',3,'','','\0','\0','\0','roles:edit',NULL,NULL,'2019-10-29 12:46:16',NULL),(50,3,0,2,'角色删除',NULL,'',4,'','','\0','\0','\0','roles:del',NULL,NULL,'2019-10-29 12:46:51',NULL),(52,5,0,2,'菜单新增',NULL,'',2,'','','\0','\0','\0','menu:add',NULL,NULL,'2019-10-29 12:55:07',NULL),(53,5,0,2,'菜单编辑',NULL,'',3,'','','\0','\0','\0','menu:edit',NULL,NULL,'2019-10-29 12:55:40',NULL),(54,5,0,2,'菜单删除',NULL,'',4,'','','\0','\0','\0','menu:del',NULL,NULL,'2019-10-29 12:56:00',NULL),(56,35,0,2,'部门新增',NULL,'',2,'','','\0','\0','\0','dept:add',NULL,NULL,'2019-10-29 12:57:09',NULL),(57,35,0,2,'部门编辑',NULL,'',3,'','','\0','\0','\0','dept:edit',NULL,NULL,'2019-10-29 12:57:27',NULL),(58,35,0,2,'部门删除',NULL,'',4,'','','\0','\0','\0','dept:del',NULL,NULL,'2019-10-29 12:57:41',NULL),(60,37,0,2,'岗位新增',NULL,'',2,'','','\0','\0','\0','job:add',NULL,NULL,'2019-10-29 12:58:27',NULL),(61,37,0,2,'岗位编辑',NULL,'',3,'','','\0','\0','\0','job:edit',NULL,NULL,'2019-10-29 12:58:45',NULL),(62,37,0,2,'岗位删除',NULL,'',4,'','','\0','\0','\0','job:del',NULL,NULL,'2019-10-29 12:59:04',NULL),(64,39,0,2,'字典新增',NULL,'',2,'','','\0','\0','\0','dict:add',NULL,NULL,'2019-10-29 13:00:17',NULL),(65,39,0,2,'字典编辑',NULL,'',3,'','','\0','\0','\0','dict:edit',NULL,NULL,'2019-10-29 13:00:42',NULL),(66,39,0,2,'字典删除',NULL,'',4,'','','\0','\0','\0','dict:del',NULL,NULL,'2019-10-29 13:00:59',NULL),(73,28,0,2,'任务新增',NULL,'',2,'','','\0','\0','\0','timing:add',NULL,NULL,'2019-10-29 13:07:28',NULL),(74,28,0,2,'任务编辑',NULL,'',3,'','','\0','\0','\0','timing:edit',NULL,NULL,'2019-10-29 13:07:41',NULL),(75,28,0,2,'任务删除',NULL,'',4,'','','\0','\0','\0','timing:del',NULL,NULL,'2019-10-29 13:07:54',NULL),(77,18,0,2,'上传文件',NULL,'',2,'','','\0','\0','\0','storage:add',NULL,NULL,'2019-10-29 13:09:09',NULL),(78,18,0,2,'文件编辑',NULL,'',3,'','','\0','\0','\0','storage:edit',NULL,NULL,'2019-10-29 13:09:22',NULL),(79,18,0,2,'文件删除',NULL,'',4,'','','\0','\0','\0','storage:del',NULL,NULL,'2019-10-29 13:09:34',NULL),(80,6,0,1,'服务监控','ServerMonitor','monitor/server/index',14,'codeConsole','server','\0','\0','\0','monitor:list',NULL,'admin','2019-11-07 13:06:39','2020-05-04 18:20:50'),(82,36,0,1,'生成配置','GeneratorConfig','generator/config',33,'dev','generator/config/:tableName','\0','','','',NULL,NULL,'2019-11-17 20:08:56',NULL),(83,10,0,1,'图表库','Echarts','components/Echarts',50,'chart','echarts','\0','','\0','',NULL,NULL,'2019-11-21 09:04:32',NULL),(90,NULL,5,1,'运维管理','Mnt','',20,'mnt','mnt','\0','\0','\0',NULL,NULL,NULL,'2019-11-09 10:31:08',NULL),(92,90,3,1,'服务器','ServerDeploy','maint/server/index',22,'server','maint/serverDeploy','\0','\0','\0','serverDeploy:list',NULL,NULL,'2019-11-10 10:29:25',NULL),(93,90,3,1,'应用管理','App','maint/app/index',23,'app','maint/app','\0','\0','\0','app:list',NULL,NULL,'2019-11-10 11:05:16',NULL),(94,90,3,1,'部署管理','Deploy','maint/deploy/index',24,'deploy','maint/deploy','\0','\0','\0','deploy:list',NULL,NULL,'2019-11-10 15:56:55',NULL),(97,90,1,1,'部署备份','DeployHistory','maint/deployHistory/index',25,'backup','maint/deployHistory','\0','\0','\0','deployHistory:list',NULL,NULL,'2019-11-10 16:49:44',NULL),(98,90,3,1,'数据库管理','Database','maint/database/index',26,'database','maint/database','\0','\0','\0','database:list',NULL,NULL,'2019-11-10 20:40:04',NULL),(102,97,0,2,'删除',NULL,'',999,'','','\0','\0','\0','deployHistory:del',NULL,NULL,'2019-11-17 09:32:48',NULL),(103,92,0,2,'服务器新增',NULL,'',999,'','','\0','\0','\0','serverDeploy:add',NULL,NULL,'2019-11-17 11:08:33',NULL),(104,92,0,2,'服务器编辑',NULL,'',999,'','','\0','\0','\0','serverDeploy:edit',NULL,NULL,'2019-11-17 11:08:57',NULL),(105,92,0,2,'服务器删除',NULL,'',999,'','','\0','\0','\0','serverDeploy:del',NULL,NULL,'2019-11-17 11:09:15',NULL),(106,93,0,2,'应用新增',NULL,'',999,'','','\0','\0','\0','app:add',NULL,NULL,'2019-11-17 11:10:03',NULL),(107,93,0,2,'应用编辑',NULL,'',999,'','','\0','\0','\0','app:edit',NULL,NULL,'2019-11-17 11:10:28',NULL),(108,93,0,2,'应用删除',NULL,'',999,'','','\0','\0','\0','app:del',NULL,NULL,'2019-11-17 11:10:55',NULL),(109,94,0,2,'部署新增',NULL,'',999,'','','\0','\0','\0','deploy:add',NULL,NULL,'2019-11-17 11:11:22',NULL),(110,94,0,2,'部署编辑',NULL,'',999,'','','\0','\0','\0','deploy:edit',NULL,NULL,'2019-11-17 11:11:41',NULL),(111,94,0,2,'部署删除',NULL,'',999,'','','\0','\0','\0','deploy:del',NULL,NULL,'2019-11-17 11:12:01',NULL),(116,36,0,1,'生成预览','Preview','generator/preview',999,'java','generator/preview/:tableName','\0','','',NULL,NULL,NULL,'2019-11-26 14:54:36',NULL),(117,NULL,0,1,'名片','tCard','tCard',999,'international','/smart_card','\0','\0','\0',NULL,'admin','admin','2025-01-21 17:46:49','2025-01-21 17:47:15');
/*!40000 ALTER TABLE `sys_menu` ENABLE KEYS */;
UNLOCK TABLES;

--
-- Table structure for table `sys_quartz_job`
--

DROP TABLE IF EXISTS `sys_quartz_job`;
/*!40101 SET @saved_cs_client     = @@character_set_client */;
/*!40101 SET character_set_client = utf8 */;
CREATE TABLE `sys_quartz_job` (
  `job_id` bigint(20) NOT NULL AUTO_INCREMENT COMMENT 'ID',
  `bean_name` varchar(255) DEFAULT NULL COMMENT 'Spring Bean名称',
  `cron_expression` varchar(255) DEFAULT NULL COMMENT 'cron 表达式',
  `is_pause` bit(1) DEFAULT NULL COMMENT '状态：1暂停、0启用',
  `job_name` varchar(255) DEFAULT NULL COMMENT '任务名称',
  `method_name` varchar(255) DEFAULT NULL COMMENT '方法名称',
  `params` varchar(255) DEFAULT NULL COMMENT '参数',
  `description` varchar(255) DEFAULT NULL COMMENT '备注',
  `person_in_charge` varchar(100) DEFAULT NULL COMMENT '负责人',
  `email` varchar(100) DEFAULT NULL COMMENT '报警邮箱',
  `sub_task` varchar(100) DEFAULT NULL COMMENT '子任务ID',
  `pause_after_failure` bit(1) DEFAULT NULL COMMENT '任务失败后是否暂停',
  `create_by` varchar(255) DEFAULT NULL COMMENT '创建者',
  `update_by` varchar(255) DEFAULT NULL COMMENT '更新者',
  `create_time` datetime DEFAULT NULL COMMENT '创建日期',
  `update_time` datetime DEFAULT NULL COMMENT '更新时间',
  PRIMARY KEY (`job_id`) USING BTREE,
  KEY `idx_is_pause` (`is_pause`)
) ENGINE=InnoDB AUTO_INCREMENT=7 DEFAULT CHARSET=utf8mb4 ROW_FORMAT=COMPACT COMMENT='定时任务';
/*!40101 SET character_set_client = @saved_cs_client */;

--
-- Dumping data for table `sys_quartz_job`
--

LOCK TABLES `sys_quartz_job` WRITE;
/*!40000 ALTER TABLE `sys_quartz_job` DISABLE KEYS */;
INSERT INTO `sys_quartz_job` VALUES (2,'testTask','0/5 * * * * ?','','测试1','run1','test','带参测试，多参使用json','测试',NULL,NULL,NULL,NULL,'admin','2019-08-22 14:08:29','2020-05-24 13:58:33'),(3,'testTask','0/5 * * * * ?','','测试','run','','不带参测试','Zheng Jie','','6','',NULL,'admin','2019-09-26 16:44:39','2020-05-24 14:48:12'),(5,'Test','0/5 * * * * ?','','任务告警测试','run',NULL,'测试','test','',NULL,'','admin','admin','2020-05-05 20:32:41','2020-05-05 20:36:13'),(6,'testTask','0/5 * * * * ?','','测试3','run2',NULL,'测试3','Zheng Jie','',NULL,'','admin','admin','2020-05-05 20:35:41','2020-05-05 20:36:07');
/*!40000 ALTER TABLE `sys_quartz_job` ENABLE KEYS */;
UNLOCK TABLES;

--
-- Table structure for table `sys_quartz_log`
--

DROP TABLE IF EXISTS `sys_quartz_log`;
/*!40101 SET @saved_cs_client     = @@character_set_client */;
/*!40101 SET character_set_client = utf8 */;
CREATE TABLE `sys_quartz_log` (
  `log_id` bigint(20) NOT NULL AUTO_INCREMENT COMMENT 'ID',
  `bean_name` varchar(255) DEFAULT NULL COMMENT 'Bean名称',
  `cron_expression` varchar(255) DEFAULT NULL COMMENT 'cron 表达式',
  `is_success` bit(1) DEFAULT NULL COMMENT '是否执行成功',
  `job_name` varchar(255) DEFAULT NULL COMMENT '任务名称',
  `method_name` varchar(255) DEFAULT NULL COMMENT '方法名称',
  `params` varchar(255) DEFAULT NULL COMMENT '参数',
  `time` bigint(20) DEFAULT NULL COMMENT '执行耗时',
  `exception_detail` text COMMENT '异常详情',
  `create_time` datetime DEFAULT NULL COMMENT '创建时间',
  PRIMARY KEY (`log_id`) USING BTREE
) ENGINE=InnoDB DEFAULT CHARSET=utf8mb4 ROW_FORMAT=COMPACT COMMENT='定时任务日志';
/*!40101 SET character_set_client = @saved_cs_client */;

--
-- Dumping data for table `sys_quartz_log`
--

LOCK TABLES `sys_quartz_log` WRITE;
/*!40000 ALTER TABLE `sys_quartz_log` DISABLE KEYS */;
/*!40000 ALTER TABLE `sys_quartz_log` ENABLE KEYS */;
UNLOCK TABLES;

--
-- Table structure for table `sys_role`
--

DROP TABLE IF EXISTS `sys_role`;
/*!40101 SET @saved_cs_client     = @@character_set_client */;
/*!40101 SET character_set_client = utf8 */;
CREATE TABLE `sys_role` (
  `role_id` bigint(20) NOT NULL AUTO_INCREMENT COMMENT 'ID',
  `name` varchar(100) NOT NULL COMMENT '名称',
  `level` int(50) DEFAULT NULL COMMENT '角色级别',
  `description` varchar(255) DEFAULT NULL COMMENT '描述',
  `data_scope` varchar(255) DEFAULT NULL COMMENT '数据权限',
  `create_by` varchar(255) DEFAULT NULL COMMENT '创建者',
  `update_by` varchar(255) DEFAULT NULL COMMENT '更新者',
  `create_time` datetime DEFAULT NULL COMMENT '创建日期',
  `update_time` datetime DEFAULT NULL COMMENT '更新时间',
  PRIMARY KEY (`role_id`) USING BTREE,
  UNIQUE KEY `uniq_name` (`name`),
  KEY `idx_level` (`level`)
) ENGINE=InnoDB AUTO_INCREMENT=3 DEFAULT CHARSET=utf8mb4 ROW_FORMAT=COMPACT COMMENT='角色表';
/*!40101 SET character_set_client = @saved_cs_client */;

--
-- Dumping data for table `sys_role`
--

LOCK TABLES `sys_role` WRITE;
/*!40000 ALTER TABLE `sys_role` DISABLE KEYS */;
INSERT INTO `sys_role` VALUES (1,'超级管理员',1,'-','全部',NULL,'admin','2018-11-23 11:04:37','2025-01-21 17:47:28'),(2,'普通用户',2,'-','本级',NULL,'admin','2018-11-23 13:09:06','2020-09-05 10:45:12');
/*!40000 ALTER TABLE `sys_role` ENABLE KEYS */;
UNLOCK TABLES;

--
-- Table structure for table `sys_roles_depts`
--

DROP TABLE IF EXISTS `sys_roles_depts`;
/*!40101 SET @saved_cs_client     = @@character_set_client */;
/*!40101 SET character_set_client = utf8 */;
CREATE TABLE `sys_roles_depts` (
  `role_id` bigint(20) NOT NULL COMMENT '角色ID',
  `dept_id` bigint(20) NOT NULL COMMENT '部门ID',
  PRIMARY KEY (`role_id`,`dept_id`) USING BTREE,
  KEY `idx_role_id` (`role_id`),
  KEY `idx_dept_id` (`dept_id`)
) ENGINE=InnoDB DEFAULT CHARSET=utf8mb4 ROW_FORMAT=COMPACT COMMENT='角色部门关联';
/*!40101 SET character_set_client = @saved_cs_client */;

--
-- Dumping data for table `sys_roles_depts`
--

LOCK TABLES `sys_roles_depts` WRITE;
/*!40000 ALTER TABLE `sys_roles_depts` DISABLE KEYS */;
/*!40000 ALTER TABLE `sys_roles_depts` ENABLE KEYS */;
UNLOCK TABLES;

--
-- Table structure for table `sys_roles_menus`
--

DROP TABLE IF EXISTS `sys_roles_menus`;
/*!40101 SET @saved_cs_client     = @@character_set_client */;
/*!40101 SET character_set_client = utf8 */;
CREATE TABLE `sys_roles_menus` (
  `menu_id` bigint(20) NOT NULL COMMENT '菜单ID',
  `role_id` bigint(20) NOT NULL COMMENT '角色ID',
  PRIMARY KEY (`menu_id`,`role_id`) USING BTREE,
  KEY `idx_menu_id` (`menu_id`),
  KEY `idx_role_id` (`role_id`)
) ENGINE=InnoDB DEFAULT CHARSET=utf8mb4 ROW_FORMAT=COMPACT COMMENT='角色菜单关联';
/*!40101 SET character_set_client = @saved_cs_client */;

--
-- Dumping data for table `sys_roles_menus`
--

LOCK TABLES `sys_roles_menus` WRITE;
/*!40000 ALTER TABLE `sys_roles_menus` DISABLE KEYS */;
INSERT INTO `sys_roles_menus` VALUES (1,1),(1,2),(2,1),(2,2),(3,1),(5,1),(6,1),(6,2),(7,1),(7,2),(9,1),(9,2),(10,1),(10,2),(11,1),(11,2),(14,1),(14,2),(15,1),(15,2),(18,1),(19,1),(19,2),(21,1),(21,2),(22,1),(22,2),(23,1),(23,2),(24,1),(24,2),(27,1),(27,2),(28,1),(30,1),(30,2),(32,1),(32,2),(33,1),(33,2),(34,1),(34,2),(35,1),(36,1),(36,2),(37,1),(39,1),(41,1),(44,1),(45,1),(46,1),(48,1),(49,1),(50,1),(52,1),(53,1),(54,1),(56,1),(57,1),(58,1),(60,1),(61,1),(62,1),(64,1),(65,1),(66,1),(73,1),(74,1),(75,1),(77,1),(78,1),(79,1),(80,1),(80,2),(82,1),(82,2),(83,1),(83,2),(90,1),(92,1),(93,1),(94,1),(97,1),(98,1),(102,1),(103,1),(104,1),(105,1),(106,1),(107,1),(108,1),(109,1),(110,1),(111,1),(116,1),(116,2),(117,1);
/*!40000 ALTER TABLE `sys_roles_menus` ENABLE KEYS */;
UNLOCK TABLES;

--
-- Table structure for table `sys_user`
--

DROP TABLE IF EXISTS `sys_user`;
/*!40101 SET @saved_cs_client     = @@character_set_client */;
/*!40101 SET character_set_client = utf8 */;
CREATE TABLE `sys_user` (
  `user_id` bigint(20) NOT NULL AUTO_INCREMENT COMMENT 'ID',
  `dept_id` bigint(20) DEFAULT NULL COMMENT '部门名称',
  `username` varchar(180) DEFAULT NULL COMMENT '用户名',
  `nick_name` varchar(255) DEFAULT NULL COMMENT '昵称',
  `gender` varchar(2) DEFAULT NULL COMMENT '性别',
  `phone` varchar(255) DEFAULT NULL COMMENT '手机号码',
  `email` varchar(180) DEFAULT NULL COMMENT '邮箱',
  `avatar_name` varchar(255) DEFAULT NULL COMMENT '头像地址',
  `avatar_path` varchar(255) DEFAULT NULL COMMENT '头像真实路径',
  `password` varchar(255) DEFAULT NULL COMMENT '密码',
  `is_admin` bit(1) DEFAULT b'0' COMMENT '是否为admin账号',
  `enabled` bit(1) DEFAULT NULL COMMENT '状态：1启用、0禁用',
  `create_by` varchar(255) DEFAULT NULL COMMENT '创建者',
  `update_by` varchar(255) DEFAULT NULL COMMENT '更新者',
  `pwd_reset_time` datetime DEFAULT NULL COMMENT '修改密码的时间',
  `create_time` datetime DEFAULT NULL COMMENT '创建日期',
  `update_time` datetime DEFAULT NULL COMMENT '更新时间',
  PRIMARY KEY (`user_id`) USING BTREE,
  UNIQUE KEY `uniq_email` (`email`) USING BTREE,
  UNIQUE KEY `uniq_username` (`username`) USING BTREE,
  KEY `idx_dept_id` (`dept_id`) USING BTREE,
  KEY `idx_enabled` (`enabled`)
) ENGINE=InnoDB AUTO_INCREMENT=3 DEFAULT CHARSET=utf8mb4 ROW_FORMAT=COMPACT COMMENT='系统用户';
/*!40101 SET character_set_client = @saved_cs_client */;

--
-- Dumping data for table `sys_user`
--

LOCK TABLES `sys_user` WRITE;
/*!40000 ALTER TABLE `sys_user` DISABLE KEYS */;
INSERT INTO `sys_user` VALUES (1,2,'admin','管理员','男','18888888888','201507802@qq.com','avatar-20250114101539224.png','/Users/jie/Documents/work/me/admin/eladmin-mp/eladmin/~/avatar/avatar-20250114101539224.png','$2a$10$Egp1/gvFlt7zhlXVfEFw4OfWQCGPw0ClmMcc6FjTnvXNRVf9zdMRa','','',NULL,'admin','2020-05-03 16:38:31','2018-08-23 09:11:56','2020-09-05 10:43:31'),(2,2,'test','测试','男','19999999999','231@qq.com',NULL,NULL,'$2a$10$4XcyudOYTSz6fue6KFNMHeUQnCX5jbBQypLEnGk1PmekXt5c95JcK','\0','','admin','admin',NULL,'2020-05-05 11:15:49','2020-09-05 10:43:38');
/*!40000 ALTER TABLE `sys_user` ENABLE KEYS */;
UNLOCK TABLES;

--
-- Table structure for table `sys_users_jobs`
--

DROP TABLE IF EXISTS `sys_users_jobs`;
/*!40101 SET @saved_cs_client     = @@character_set_client */;
/*!40101 SET character_set_client = utf8 */;
CREATE TABLE `sys_users_jobs` (
  `user_id` bigint(20) NOT NULL COMMENT '用户ID',
  `job_id` bigint(20) NOT NULL COMMENT '岗位ID',
  PRIMARY KEY (`user_id`,`job_id`),
  KEY `idx_user_id` (`user_id`),
  KEY `idx_job_id` (`job_id`)
) ENGINE=InnoDB DEFAULT CHARSET=utf8 COMMENT='用户与岗位关联表';
/*!40101 SET character_set_client = @saved_cs_client */;

--
-- Dumping data for table `sys_users_jobs`
--

LOCK TABLES `sys_users_jobs` WRITE;
/*!40000 ALTER TABLE `sys_users_jobs` DISABLE KEYS */;
INSERT INTO `sys_users_jobs` VALUES (1,11),(2,12);
/*!40000 ALTER TABLE `sys_users_jobs` ENABLE KEYS */;
UNLOCK TABLES;

--
-- Table structure for table `sys_users_roles`
--

DROP TABLE IF EXISTS `sys_users_roles`;
/*!40101 SET @saved_cs_client     = @@character_set_client */;
/*!40101 SET character_set_client = utf8 */;
CREATE TABLE `sys_users_roles` (
  `user_id` bigint(20) NOT NULL COMMENT '用户ID',
  `role_id` bigint(20) NOT NULL COMMENT '角色ID',
  PRIMARY KEY (`user_id`,`role_id`) USING BTREE,
  KEY `idx_user_id` (`user_id`),
  KEY `idx_role_id` (`role_id`)
) ENGINE=InnoDB DEFAULT CHARSET=utf8mb4 ROW_FORMAT=COMPACT COMMENT='用户角色关联';
/*!40101 SET character_set_client = @saved_cs_client */;

--
-- Dumping data for table `sys_users_roles`
--

LOCK TABLES `sys_users_roles` WRITE;
/*!40000 ALTER TABLE `sys_users_roles` DISABLE KEYS */;
INSERT INTO `sys_users_roles` VALUES (1,1),(2,2);
/*!40000 ALTER TABLE `sys_users_roles` ENABLE KEYS */;
UNLOCK TABLES;

--
-- Table structure for table `t_card`
--

DROP TABLE IF EXISTS `t_card`;
/*!40101 SET @saved_cs_client     = @@character_set_client */;
/*!40101 SET character_set_client = utf8 */;
CREATE TABLE `t_card` (
  `card_id` varchar(100) NOT NULL,
  `user_id` varchar(100) NOT NULL,
  `real_name` varchar(100) DEFAULT NULL,
  `mobile` varchar(100) DEFAULT NULL,
  `phone_number` varchar(100) DEFAULT NULL,
  `email` varchar(100) DEFAULT NULL,
  `address` varchar(1000) DEFAULT NULL,
  `postcode` varchar(10) DEFAULT NULL,
  `organization` varchar(1000) DEFAULT NULL,
  `department` varchar(100) DEFAULT NULL,
  `position` varchar(100) DEFAULT NULL,
  `valid` varchar(5) DEFAULT NULL,
  `background` varchar(1000) DEFAULT NULL,
  PRIMARY KEY (`card_id`),
  UNIQUE KEY `t_card_card_id_IDX` (`card_id`) USING BTREE
) ENGINE=InnoDB DEFAULT CHARSET=utf8;
/*!40101 SET character_set_client = @saved_cs_client */;

--
-- Dumping data for table `t_card`
--

LOCK TABLES `t_card` WRITE;
/*!40000 ALTER TABLE `t_card` DISABLE KEYS */;
INSERT INTO `t_card` VALUES ('1','1','蔡毅','18595263768','1','caiyi@zts.com.cn','1','1','1','1','1','1',NULL);
/*!40000 ALTER TABLE `t_card` ENABLE KEYS */;
UNLOCK TABLES;

--
-- Table structure for table `tool_alipay_config`
--

DROP TABLE IF EXISTS `tool_alipay_config`;
/*!40101 SET @saved_cs_client     = @@character_set_client */;
/*!40101 SET character_set_client = utf8 */;
CREATE TABLE `tool_alipay_config` (
  `config_id` bigint(20) NOT NULL COMMENT 'ID',
  `app_id` varchar(255) DEFAULT NULL COMMENT '应用ID',
  `charset` varchar(255) DEFAULT NULL COMMENT '编码',
  `format` varchar(255) DEFAULT NULL COMMENT '类型 固定格式json',
  `gateway_url` varchar(255) DEFAULT NULL COMMENT '网关地址',
  `notify_url` varchar(255) DEFAULT NULL COMMENT '异步回调',
  `private_key` text COMMENT '私钥',
  `public_key` text COMMENT '公钥',
  `return_url` varchar(255) DEFAULT NULL COMMENT '回调地址',
  `sign_type` varchar(255) DEFAULT NULL COMMENT '签名方式',
  `sys_service_provider_id` varchar(255) DEFAULT NULL COMMENT '商户号',
  PRIMARY KEY (`config_id`) USING BTREE
) ENGINE=InnoDB DEFAULT CHARSET=utf8mb4 ROW_FORMAT=COMPACT COMMENT='支付宝配置类';
/*!40101 SET character_set_client = @saved_cs_client */;

--
-- Dumping data for table `tool_alipay_config`
--

LOCK TABLES `tool_alipay_config` WRITE;
/*!40000 ALTER TABLE `tool_alipay_config` DISABLE KEYS */;
/*!40000 ALTER TABLE `tool_alipay_config` ENABLE KEYS */;
UNLOCK TABLES;

--
-- Table structure for table `tool_email_config`
--

DROP TABLE IF EXISTS `tool_email_config`;
/*!40101 SET @saved_cs_client     = @@character_set_client */;
/*!40101 SET character_set_client = utf8 */;
CREATE TABLE `tool_email_config` (
  `config_id` bigint(20) NOT NULL COMMENT 'ID',
  `from_user` varchar(255) DEFAULT NULL COMMENT '收件人',
  `host` varchar(255) DEFAULT NULL COMMENT '邮件服务器SMTP地址',
  `pass` varchar(255) DEFAULT NULL COMMENT '密码',
  `port` varchar(255) DEFAULT NULL COMMENT '端口',
  `user` varchar(255) DEFAULT NULL COMMENT '发件者用户名',
  PRIMARY KEY (`config_id`) USING BTREE
) ENGINE=InnoDB DEFAULT CHARSET=utf8mb4 ROW_FORMAT=COMPACT COMMENT='邮箱配置';
/*!40101 SET character_set_client = @saved_cs_client */;

--
-- Dumping data for table `tool_email_config`
--

LOCK TABLES `tool_email_config` WRITE;
/*!40000 ALTER TABLE `tool_email_config` DISABLE KEYS */;
/*!40000 ALTER TABLE `tool_email_config` ENABLE KEYS */;
UNLOCK TABLES;

--
-- Table structure for table `tool_local_storage`
--

DROP TABLE IF EXISTS `tool_local_storage`;
/*!40101 SET @saved_cs_client     = @@character_set_client */;
/*!40101 SET character_set_client = utf8 */;
CREATE TABLE `tool_local_storage` (
  `storage_id` bigint(20) NOT NULL AUTO_INCREMENT COMMENT 'ID',
  `real_name` varchar(255) DEFAULT NULL COMMENT '文件真实的名称',
  `name` varchar(255) DEFAULT NULL COMMENT '文件名',
  `suffix` varchar(255) DEFAULT NULL COMMENT '后缀',
  `path` varchar(255) DEFAULT NULL COMMENT '路径',
  `type` varchar(255) DEFAULT NULL COMMENT '类型',
  `size` varchar(100) DEFAULT NULL COMMENT '大小',
  `create_by` varchar(255) DEFAULT NULL COMMENT '创建者',
  `update_by` varchar(255) DEFAULT NULL COMMENT '更新者',
  `create_time` datetime DEFAULT NULL COMMENT '创建日期',
  `update_time` datetime DEFAULT NULL COMMENT '更新时间',
  PRIMARY KEY (`storage_id`) USING BTREE
) ENGINE=InnoDB DEFAULT CHARSET=utf8mb4 ROW_FORMAT=COMPACT COMMENT='本地存储';
/*!40101 SET character_set_client = @saved_cs_client */;

--
-- Dumping data for table `tool_local_storage`
--

LOCK TABLES `tool_local_storage` WRITE;
/*!40000 ALTER TABLE `tool_local_storage` DISABLE KEYS */;
/*!40000 ALTER TABLE `tool_local_storage` ENABLE KEYS */;
UNLOCK TABLES;

--
-- Table structure for table `tool_qiniu_config`
--

DROP TABLE IF EXISTS `tool_qiniu_config`;
/*!40101 SET @saved_cs_client     = @@character_set_client */;
/*!40101 SET character_set_client = utf8 */;
CREATE TABLE `tool_qiniu_config` (
  `config_id` bigint(20) NOT NULL COMMENT 'ID',
  `access_key` text COMMENT 'accessKey',
  `bucket` varchar(255) DEFAULT NULL COMMENT 'Bucket 识别符',
  `host` varchar(255) NOT NULL COMMENT '外链域名',
  `secret_key` text COMMENT 'secretKey',
  `type` varchar(255) DEFAULT NULL COMMENT '空间类型',
  `zone` varchar(255) DEFAULT NULL COMMENT '机房',
  PRIMARY KEY (`config_id`) USING BTREE
) ENGINE=InnoDB DEFAULT CHARSET=utf8mb4 ROW_FORMAT=COMPACT COMMENT='七牛云配置';
/*!40101 SET character_set_client = @saved_cs_client */;

--
-- Dumping data for table `tool_qiniu_config`
--

LOCK TABLES `tool_qiniu_config` WRITE;
/*!40000 ALTER TABLE `tool_qiniu_config` DISABLE KEYS */;
/*!40000 ALTER TABLE `tool_qiniu_config` ENABLE KEYS */;
UNLOCK TABLES;

--
-- Table structure for table `tool_qiniu_content`
--

DROP TABLE IF EXISTS `tool_qiniu_content`;
/*!40101 SET @saved_cs_client     = @@character_set_client */;
/*!40101 SET character_set_client = utf8 */;
CREATE TABLE `tool_qiniu_content` (
  `content_id` bigint(20) NOT NULL AUTO_INCREMENT COMMENT 'ID',
  `bucket` varchar(255) DEFAULT NULL COMMENT 'Bucket 识别符',
  `name` varchar(180) DEFAULT NULL COMMENT '文件名称',
  `size` varchar(255) DEFAULT NULL COMMENT '文件大小',
  `type` varchar(255) DEFAULT NULL COMMENT '文件类型：私有或公开',
  `url` varchar(255) DEFAULT NULL COMMENT '文件url',
  `suffix` varchar(255) DEFAULT NULL COMMENT '文件后缀',
  `update_time` datetime DEFAULT NULL COMMENT '上传或同步的时间',
  PRIMARY KEY (`content_id`) USING BTREE,
  UNIQUE KEY `uniq_name` (`name`)
) ENGINE=InnoDB DEFAULT CHARSET=utf8mb4 ROW_FORMAT=COMPACT COMMENT='七牛云文件存储';
/*!40101 SET character_set_client = @saved_cs_client */;

--
-- Dumping data for table `tool_qiniu_content`
--

LOCK TABLES `tool_qiniu_content` WRITE;
/*!40000 ALTER TABLE `tool_qiniu_content` DISABLE KEYS */;
/*!40000 ALTER TABLE `tool_qiniu_content` ENABLE KEYS */;
UNLOCK TABLES;

--
-- Dumping routines for database 'eladmin'
--
/*!40103 SET TIME_ZONE=@OLD_TIME_ZONE */;

/*!40101 SET SQL_MODE=@OLD_SQL_MODE */;
/*!40014 SET FOREIGN_KEY_CHECKS=@OLD_FOREIGN_KEY_CHECKS */;
/*!40014 SET UNIQUE_CHECKS=@OLD_UNIQUE_CHECKS */;
/*!40101 SET CHARACTER_SET_CLIENT=@OLD_CHARACTER_SET_CLIENT */;
/*!40101 SET CHARACTER_SET_RESULTS=@OLD_CHARACTER_SET_RESULTS */;
/*!40101 SET COLLATION_CONNECTION=@OLD_COLLATION_CONNECTION */;
/*!40111 SET SQL_NOTES=@OLD_SQL_NOTES */;

-- Dump completed on 2025-01-21 17:49:20
